AmountSpent,Age,Gender,OwnHome,Married,Location,Salary,Children,History,Catalogs,rnd1,rnd2
755,Old,Female,Own,Single,Far,47500,0,High,6,1.6,0.2
1318,Middle,Male,Rent,Single,Close,63600,0,High,6,-0.73,0.59
296,Young,Female,Rent,Single,Close,13500,0,Low,18,0.58,0.61
2436,Middle,Male,Own,Married,Close,85600,1,High,18,-0.53,0.31
1304,Middle,Female,Own,Single,Close,68400,0,High,12,-0.45,0.63
495,Young,Male,Own,Married,Close,30400,0,Low,6,1.66,0.52
782,Middle,Female,Rent,Single,Close,48100,0,Medium,12,2.35,0.35
1155,Middle,Male,Own,Single,Close,68400,0,High,18,-1.39,0.37
158,Middle,Female,Own,Married,Close,51900,3,Low,6,0.62,0.68
3034,Old,Male,Own,Married,Far,80700,0,None,18,-0.1,0.77
927,Young,Male,Rent,Married,Close,43700,1,None,12,0.28,0.03
2065,Middle,Male,Own,Married,Far,111800,3,High,18,-0.5,0.32
704,Middle,Female,Own,Married,Close,44100,1,Medium,24,-1.23,0.13
2136,Middle,Male,Own,Married,Close,111400,0,High,12,0.01,1
5564,Old,Female,Own,Married,Far,110000,0,High,24,-1.17,0.09
2766,Middle,Female,Own,Married,Far,83100,1,None,12,1.52,0.51
3010,Old,Female,Own,Married,Close,82800,0,High,24,-0.29,0.39
1956,Middle,Male,Own,Married,Close,90100,0,High,18,0.48,0.85
542,Middle,Male,Rent,Single,Close,38600,1,Low,18,-1.62,0.28
410,Old,Female,Rent,Single,Far,14000,0,Low,12,-1.39,0.23
194,Young,Female,Rent,Single,Far,14300,2,Low,6,0.74,0.85
827,Young,Male,Rent,Married,Close,49800,0,Medium,12,-0.61,0.02
2328,Old,Female,Rent,Married,Far,60200,0,High,18,-0.65,0.99
808,Young,Male,Rent,Married,Far,43500,1,Medium,12,0.56,1
521,Young,Female,Rent,Married,Close,41700,1,None,6,-1.49,0.26
655,Middle,Female,Own,Married,Close,92300,3,Low,18,0.37,0.73
707,Middle,Male,Own,Single,Close,62800,3,None,6,1.26,0.87
2075,Middle,Female,Rent,Married,Far,72900,0,High,18,-0.01,0.9
769,Middle,Female,Rent,Married,Close,66900,2,Medium,12,0.32,0.71
774,Young,Male,Rent,Single,Close,21700,1,None,18,0.8,0.02
573,Old,Female,Rent,Married,Close,39700,0,Medium,12,1.07,0.38
2082,Middle,Male,Rent,Married,Far,72200,1,High,12,0.17,0.35
2446,Middle,Female,Rent,Married,Close,87700,3,None,24,0.4,0.42
2636,Middle,Male,Own,Married,Close,104100,0,High,24,1.43,0.31
2226,Middle,Male,Rent,Single,Far,67700,0,High,12,-0.13,0.24
183,Middle,Female,Own,Single,Close,27000,2,Low,6,-0.03,0.99
1595,Middle,Female,Own,Single,Far,64100,2,High,24,1.97,0.8
584,Middle,Male,Rent,Single,Close,47000,1,Medium,12,-0.63,0.86
982,Old,Female,Own,Married,Close,41600,0,None,18,0.73,0.47
576,Old,Female,Rent,Single,Close,20100,0,Low,24,-0.93,0.91
410,Middle,Male,Own,Single,Close,64000,3,Low,12,-0.31,0
3082,Middle,Female,Own,Married,Far,96800,3,None,24,-1.34,0.67
2437,Middle,Male,Rent,Married,Close,76200,1,None,24,-0.34,0.81
3655,Old,Female,Rent,Married,Far,81500,0,High,18,-0.85,0.56
844,Middle,Female,Own,Single,Close,49600,1,Medium,12,0.56,0.39
2510,Old,Female,Own,Married,Close,111500,0,High,18,1.99,0.69
983,Middle,Male,Own,Married,Close,77700,0,None,6,-1.6,0.43
1215,Young,Male,Own,Married,Close,58900,0,None,18,1.12,0.96
2000,Middle,Male,Own,Married,Close,126500,2,High,18,-0.79,0.65
2574,Middle,Female,Own,Married,Close,83300,1,High,24,-0.79,0.48
1116,Middle,Female,Own,Married,Close,90500,1,High,6,-0.44,0.67
3604,Middle,Female,Own,Married,Far,87200,0,High,18,-0.82,0
3360,Middle,Female,Own,Married,Close,105300,1,None,24,-0.15,0.24
530,Middle,Female,Own,Single,Far,56000,3,Medium,6,0.85,0.27
906,Middle,Female,Rent,Single,Close,46600,0,Medium,24,2.27,0.77
2764,Old,Male,Rent,Married,Close,69800,0,High,24,0.34,0.37
1263,Middle,Male,Own,Single,Close,60300,0,High,24,-2.19,0.73
1084,Young,Male,Rent,Married,Close,67800,0,High,12,0.48,0.57
1051,Middle,Male,Rent,Single,Close,42300,0,Medium,24,0.15,0.51
614,Young,Female,Own,Married,Far,33700,0,None,6,-2.01,0.77
704,Middle,Male,Own,Single,Close,62700,2,Medium,12,1.36,0.93
449,Young,Female,Own,Single,Close,25900,2,None,12,1.33,0.53
136,Young,Female,Own,Single,Close,15600,1,Low,6,-0.18,0.89
468,Old,Female,Own,Single,Close,14600,0,Low,24,-1.09,0.71
565,Old,Female,Own,Married,Close,62600,0,High,6,0.72,0.58
1310,Young,Male,Rent,Married,Close,66700,0,None,18,-0.94,0.12
2595,Middle,Male,Own,Married,Far,72500,0,None,24,0.87,0.51
358,Young,Female,Rent,Single,Far,13200,0,None,24,1.59,0.59
1424,Middle,Female,Own,Single,Close,51300,0,Medium,24,1.02,0.31
4182,Middle,Male,Own,Single,Far,72300,0,High,24,-0.66,0.9
468,Young,Female,Rent,Single,Close,15600,0,None,12,0.7,0.6
2924,Middle,Female,Own,Married,Far,90400,1,High,18,-0.46,0.59
964,Middle,Male,Own,Single,Far,71500,0,None,6,-2.03,0.55
615,Young,Male,Rent,Single,Close,14400,0,None,24,0.65,0.66
38,Young,Male,Rent,Single,Close,15000,3,Low,6,-0.73,0.78
1006,Middle,Male,Own,Single,Close,57600,1,None,6,2.13,0.99
307,Young,Female,Rent,Married,Close,60600,3,Low,12,0.46,0.34
1648,Middle,Male,Own,Married,Far,84300,2,High,18,-0.97,0.01
220,Young,Female,Own,Single,Close,24400,1,Low,6,0.5,0.02
280,Young,Female,Rent,Single,Close,22100,2,Low,18,-0.85,1
1647,Middle,Male,Rent,Married,Far,48800,2,None,12,-0.2,0.79
704,Middle,Female,Own,Married,Close,74700,1,Medium,6,0.17,0.39
920,Young,Female,Rent,Single,Far,32400,1,Medium,24,-0.11,0.92
258,Old,Female,Own,Single,Close,11400,0,None,6,0.02,0.91
1821,Middle,Male,Own,Married,Close,127000,0,None,12,0.25,0.33
1587,Middle,Male,Rent,Single,Close,47200,0,Medium,18,0.09,0.47
528,Middle,Female,Own,Single,Close,48700,2,Low,12,-0.44,0.23
867,Young,Male,Rent,Single,Far,20400,0,Medium,18,-0.89,0.81
643,Middle,Male,Rent,Single,Close,39000,0,None,6,0.62,0.95
107,Young,Female,Rent,Single,Close,12900,1,Low,6,1.4,0.33
1513,Middle,Female,Rent,Married,Far,67300,1,High,18,-1.78,0.44
4558,Old,Male,Own,Married,Close,134500,0,High,24,0.54,0.17
741,Old,Male,Own,Married,Close,75500,0,High,6,0.82,0.18
805,Old,Female,Own,Married,Far,33600,2,Medium,12,-1.01,0.86
470,Young,Female,Rent,Single,Close,16300,1,None,12,-0.11,0.19
278,Young,Male,Rent,Married,Close,27400,1,Low,6,0.72,0.62
1093,Middle,Female,Own,Married,Close,110400,3,Low,24,-0.11,0.21
470,Young,Female,Rent,Single,Far,21100,1,Low,6,0.85,0.55
1856,Middle,Male,Own,Married,Close,81200,0,High,24,-0.34,0.01
1688,Middle,Male,Rent,Married,Far,87100,2,High,18,0.75,0.88
708,Young,Female,Rent,Single,Far,21700,3,None,24,1.11,0.47
1753,Middle,Female,Rent,Single,Close,42200,0,None,18,0.59,0.93
3044,Middle,Male,Rent,Single,Far,59000,0,High,24,-0.26,0.13
855,Middle,Female,Own,Single,Close,52700,2,Low,18,0.23,0.12
550,Young,Male,Own,Single,Close,20900,0,Low,24,0.04,0.06
2265,Middle,Male,Own,Married,Far,90700,3,High,24,-0.03,0.95
2452,Old,Female,Own,Married,Far,91800,0,None,24,0.24,0.2
1184,Young,Female,Own,Single,Far,27900,0,Medium,18,0.69,0.44
2150,Old,Female,Own,Married,Close,70700,0,High,24,1.7,0.68
1575,Middle,Male,Own,Married,Close,79600,2,None,6,-0.76,0.45
1822,Middle,Male,Rent,Married,Close,96400,1,High,24,1.64,0.79
1153,Middle,Female,Own,Single,Close,46600,2,None,18,-1.36,0.99
1877,Old,Male,Own,Married,Close,106600,0,High,12,-1.05,0.83
450,Middle,Female,Rent,Married,Close,104900,3,Low,6,0.23,0.87
873,Old,Male,Rent,Single,Close,56300,0,Medium,6,1.72,0.56
209,Young,Female,Rent,Single,Close,14800,1,Low,6,-0.15,0.5
1472,Old,Male,Own,Married,Close,58300,0,Medium,24,0.74,0.52
1702,Middle,Male,Own,Single,Far,70200,0,High,12,0.43,0.39
1857,Old,Male,Own,Married,Far,59700,0,High,18,0.1,0.31
451,Young,Male,Rent,Single,Close,25800,0,None,6,0.19,0.19
344,Young,Female,Rent,Single,Close,12000,0,Low,24,0.82,0.55
1492,Middle,Male,Rent,Single,Far,51900,0,High,18,0.87,0.37
2098,Middle,Female,Own,Single,Far,66800,3,None,24,-1.03,0.63
3505,Middle,Male,Own,Married,Close,105300,1,None,18,-0.66,0.82
127,Young,Female,Rent,Single,Far,13800,3,Low,6,-0.4,0.46
436,Young,Male,Rent,Single,Close,14800,3,None,12,0.81,0.68
2524,Middle,Female,Own,Married,Far,44200,0,High,24,-0.5,0.01
189,Young,Male,Rent,Single,Close,10400,0,None,18,0.21,0.19
607,Middle,Female,Own,Single,Close,35200,0,Medium,12,-1.8,0.97
202,Young,Female,Rent,Single,Far,16100,0,None,6,0.86,0.31
1554,Middle,Male,Own,Married,Close,113000,2,Medium,18,1.01,0.14
633,Middle,Male,Own,Married,Close,63300,2,None,6,-1.02,0.64
176,Young,Male,Rent,Single,Close,19100,0,None,6,-0.28,0.49
3079,Middle,Female,Own,Married,Close,93400,2,None,24,0.84,0.1
2038,Old,Female,Rent,Married,Far,52500,0,High,24,-1.62,0.67
1203,Middle,Female,Rent,Married,Far,45400,3,Medium,24,0.3,0.69
326,Young,Female,Own,Single,Far,21400,3,None,6,-1.34,0.34
235,Middle,Female,Own,Single,Close,53700,3,Low,12,-0.47,0.86
3688,Young,Female,Own,Married,Far,68000,0,High,24,-0.75,0.48
332,Young,Male,Rent,Single,Close,17400,0,None,12,0.68,0.49
143,Young,Female,Rent,Single,Close,14600,1,Low,6,-0.37,0.51
3104,Old,Female,Own,Married,Far,100100,0,High,12,1.56,0.44
2339,Middle,Male,Own,Married,Far,103700,1,High,24,-0.15,0.42
123,Young,Female,Rent,Single,Far,10800,3,Low,6,-1.13,0.94
879,Middle,Female,Own,Married,Close,81700,3,Low,24,1.78,0.04
498,Old,Female,Rent,Single,Close,21400,0,Low,18,-0.03,0.71
3596,Old,Female,Own,Married,Close,114800,0,High,18,-0.32,0.43
2925,Old,Female,Own,Married,Far,67900,0,High,24,-1.29,0.81
1081,Middle,Male,Own,Married,Close,53700,1,None,12,1.22,0.74
312,Young,Female,Rent,Single,Far,11400,3,None,12,0.97,0
1297,Young,Male,Rent,Married,Close,34300,3,None,12,2.5,0.59
218,Young,Female,Rent,Single,Close,16400,1,Low,12,0.4,1
4279,Middle,Female,Own,Married,Far,109800,0,High,18,-0.47,0.53
1642,Middle,Male,Own,Single,Close,64200,0,High,18,0.3,0.57
581,Young,Male,Rent,Single,Close,17000,0,None,18,-2.59,0.34
223,Middle,Female,Rent,Single,Close,41400,3,Low,6,0.88,0.08
474,Middle,Female,Own,Single,Close,49100,2,Low,6,-0.41,0.61
1790,Old,Female,Own,Single,Far,42600,0,High,24,0.3,0.26
143,Young,Female,Rent,Single,Close,11900,1,Low,6,-1.04,0.99
3237,Middle,Male,Own,Married,Far,113600,2,High,18,0.06,0.64
2316,Middle,Male,Own,Single,Close,52900,1,None,24,0.5,0.72
458,Young,Female,Rent,Single,Close,14300,1,None,18,-0.2,0.8
646,Young,Male,Rent,Single,Close,21000,0,Low,24,-1.57,0.27
1217,Middle,Male,Own,Single,Far,59600,2,Medium,18,-1,0.21
238,Middle,Female,Rent,Single,Close,39700,3,Low,12,0.58,0.2
1293,Old,Male,Own,Married,Close,51200,0,Medium,12,-1.46,0.92
2749,Middle,Female,Own,Married,Close,88200,0,None,24,-0.28,0.48
2408,Middle,Male,Own,Married,Far,122100,0,High,12,0.24,0.38
2624,Old,Female,Rent,Married,Close,84800,0,High,18,1.66,0.32
4894,Middle,Male,Own,Married,Far,140000,0,High,12,-0.71,0.59
621,Old,Female,Own,Single,Close,28500,0,Low,24,-1.84,0.07
701,Middle,Male,Rent,Single,Close,60300,0,High,6,1.27,0.37
780,Young,Female,Rent,Married,Far,51900,0,None,6,-0.64,0.74
1365,Middle,Male,Own,Single,Close,60200,0,Medium,12,0.31,0.93
2693,Middle,Male,Own,Married,Far,81200,0,High,12,1.51,0.66
1582,Old,Male,Own,Married,Close,73100,0,High,6,-0.52,0.13
724,Old,Male,Own,Single,Close,45700,0,Medium,18,1.52,0.15
830,Old,Female,Rent,Single,Close,28900,0,Low,12,-0.58,0.09
1594,Young,Female,Rent,Married,Close,60100,0,None,18,-0.06,0.75
1826,Middle,Female,Own,Married,Close,84800,1,None,12,0.31,0.3
473,Old,Female,Own,Married,Close,35000,0,Medium,6,1.02,0.82
1161,Young,Female,Rent,Married,Close,61700,0,None,12,0.63,0.63
703,Old,Female,Rent,Married,Close,46900,0,Medium,6,-1.38,0.33
1892,Middle,Female,Own,Married,Close,123600,1,None,12,0.6,0.68
489,Young,Male,Rent,Married,Close,45800,0,Medium,6,-0.93,0.36
1813,Middle,Male,Own,Married,Far,77800,1,High,18,-1.9,0.07
1457,Middle,Female,Own,Single,Close,48700,1,None,12,-0.43,0.82
292,Middle,Female,Rent,Single,Far,39000,3,Low,6,0.46,0.76
613,Young,Female,Rent,Married,Close,40000,0,None,6,1.07,0.47
2681,Middle,Female,Rent,Married,Close,118300,1,None,18,0.52,0.32
437,Young,Female,Own,Single,Close,27100,2,Low,24,1.07,0.2
708,Middle,Female,Rent,Married,Close,91000,2,Medium,6,0.47,0.2
1093,Middle,Female,Own,Married,Close,35300,0,Medium,24,-0.4,0.88
213,Young,Female,Rent,Single,Far,10200,2,Low,18,1.52,0.43
202,Young,Female,Rent,Single,Close,12500,1,Low,6,0.65,0.76
1298,Old,Female,Own,Single,Close,64600,0,None,6,0.58,0.14
3273,Middle,Male,Own,Married,Far,113800,0,None,12,-0.25,0.6
1790,Middle,Male,Own,Married,Far,113400,3,High,18,0.92,0.59
247,Young,Female,Rent,Single,Close,16900,1,Low,6,0.45,0.81
183,Young,Female,Rent,Single,Close,13600,1,Low,6,0.13,0.72
3491,Middle,Male,Own,Married,Far,100100,1,High,24,-1.42,0.23
1985,Old,Female,Own,Married,Far,80000,0,High,6,0.28,0.99
1721,Middle,Male,Own,Married,Close,83900,0,High,24,0.44,0.62
2104,Middle,Male,Own,Married,Close,77000,0,High,12,2.97,0.49
252,Middle,Female,Rent,Married,Close,72900,3,Low,6,0.28,0.98
202,Young,Male,Rent,Married,Close,80700,3,Low,6,0.28,0.86
962,Young,Female,Rent,Married,Close,40900,1,Medium,18,0.42,0.54
459,Young,Female,Rent,Single,Close,26700,1,None,12,0.46,0
848,Middle,Male,Own,Married,Close,54700,0,Medium,18,1.31,0.81
161,Old,Female,Rent,Married,Close,23600,1,Low,6,0.04,0.88
1857,Middle,Male,Rent,Single,Far,56900,0,High,24,-0.01,0.55
1699,Middle,Male,Own,Single,Far,68700,1,None,24,-0.75,0.5
308,Young,Female,Rent,Single,Close,19300,1,Low,24,-0.52,0.87
500,Young,Male,Rent,Married,Far,20200,1,Low,24,0.1,0.29
1162,Middle,Female,Rent,Married,Far,61500,3,Medium,24,-0.5,0.8
2551,Middle,Female,Own,Married,Far,101700,1,None,24,1.42,0.13
5830,Middle,Female,Rent,Married,Far,120800,1,High,24,0.03,0.05
381,Young,Female,Rent,Single,Far,17300,1,Low,18,0.36,0.06
856,Young,Female,Rent,Married,Close,42300,0,None,6,1.51,0.47
1720,Middle,Male,Rent,Single,Close,53300,0,Medium,18,0.43,0.53
759,Middle,Female,Rent,Single,Close,42800,0,Medium,12,0.55,0.03
3305,Middle,Male,Own,Married,Close,98400,0,High,18,0.97,0.57
1257,Middle,Female,Own,Single,Close,51200,0,Medium,18,1.02,0.36
1583,Old,Male,Own,Single,Close,62200,0,None,12,-1.88,0
1102,Middle,Male,Own,Married,Close,109200,3,Low,24,0.46,0.95
186,Young,Female,Rent,Single,Close,11400,2,None,6,-0.23,0.64
229,Young,Female,Rent,Single,Close,14000,0,Low,12,1.14,0.39
2599,Old,Female,Rent,Married,Close,97000,0,None,24,0.62,0.82
774,Young,Female,Own,Single,Far,29600,3,None,12,0.94,0.29
638,Old,Male,Own,Married,Close,71200,1,Medium,12,-0.49,0.76
378,Old,Female,Rent,Single,Far,15000,0,Low,12,-0.04,0.6
1552,Middle,Male,Rent,Married,Far,64000,1,None,6,1.11,0.18
979,Old,Male,Own,Married,Far,33000,0,Medium,12,0.25,0.55
2479,Old,Female,Own,Married,Close,74400,0,High,18,-0.38,0.73
450,Young,Male,Rent,Single,Far,20300,2,Low,24,-0.12,0.41
2763,Middle,Male,Rent,Married,Close,68700,0,High,24,0.85,0.55
1560,Young,Male,Rent,Married,Far,53600,3,Medium,24,1.72,0.02
1037,Old,Female,Own,Single,Close,33200,0,Medium,24,0.3,0.24
690,Young,Female,Own,Married,Far,70900,0,None,6,0.19,0.7
770,Young,Female,Rent,Single,Close,23200,3,None,24,-0.03,0.95
643,Young,Male,Own,Single,Close,41400,0,Medium,18,-1.06,0.69
1512,Young,Female,Rent,Married,Close,63200,0,High,24,0.84,0.3
1485,Old,Male,Own,Married,Close,107400,0,High,12,1.63,0.91
570,Young,Male,Rent,Single,Far,13900,0,None,24,0.31,0.43
1165,Middle,Female,Rent,Married,Close,79900,1,Medium,18,-0.8,0.53
1926,Middle,Male,Own,Married,Far,120000,3,High,18,-0.68,0.03
2243,Old,Male,Rent,Married,Far,66300,0,None,18,0.28,0.8
342,Middle,Female,Own,Single,Close,54400,3,Low,18,1.39,0.59
1654,Middle,Male,Own,Married,Close,84200,0,High,24,0.98,0.49
363,Young,Female,Rent,Married,Close,13800,0,Low,18,-0.09,0.09
222,Young,Female,Rent,Single,Far,14500,1,Low,6,-0.94,0.69
677,Young,Male,Rent,Single,Close,21300,0,Low,24,1.05,0.54
482,Old,Male,Rent,Single,Close,29000,0,Low,6,0.85,0.98
385,Old,Female,Rent,Single,Close,14600,1,Low,24,1.54,0.96
1443,Old,Male,Own,Single,Close,65300,0,High,18,0.81,0.45
1789,Middle,Female,Own,Married,Close,100800,1,High,24,-1.23,0.87
991,Young,Female,Rent,Single,Far,19800,1,Low,24,0.14,0.88
536,Middle,Male,Own,Single,Close,56700,2,Low,18,1.66,0.79
2183,Old,Male,Rent,Married,Close,90200,0,High,18,1.41,0.49
494,Young,Male,Rent,Single,Close,26100,1,None,6,-0.23,0.06
503,Young,Female,Rent,Single,Close,15900,0,Low,18,-1.15,0.83
87,Young,Female,Rent,Single,Close,12700,3,Low,12,1.46,0.85
917,Middle,Male,Rent,Single,Close,43200,0,None,24,0.67,0.83
1976,Middle,Female,Rent,Married,Close,114100,1,None,24,1.18,0.71
316,Middle,Male,Own,Married,Close,96100,3,Low,12,-1.59,0.37
1634,Middle,Male,Own,Married,Close,97200,0,None,12,1.11,0.75
2035,Middle,Male,Own,Married,Far,82400,2,High,24,-2.78,0.47
3293,Old,Male,Own,Single,Far,62000,0,High,24,-0.2,0.23
143,Young,Female,Rent,Single,Close,13400,1,Low,12,1.96,0.58
635,Middle,Male,Own,Married,Close,108200,3,Low,12,1.21,0.73
979,Young,Female,Own,Married,Close,76200,0,High,12,-0.98,0.43
1838,Middle,Male,Rent,Married,Close,81800,1,High,18,0.6,0.76
264,Young,Female,Rent,Single,Far,12000,0,Low,6,1.2,0.54
719,Middle,Male,Own,Married,Close,76100,0,None,6,2.21,0.95
1308,Middle,Male,Own,Married,Close,82100,1,High,18,-0.09,0.02
3378,Old,Female,Own,Married,Close,103300,0,High,24,0.09,0.26
400,Young,Male,Rent,Single,Close,14200,1,None,24,-0.7,0.87
847,Middle,Female,Own,Single,Far,47500,0,High,6,-1.74,0.88
357,Young,Female,Rent,Single,Close,31300,1,Low,6,-2.31,0.31
1276,Young,Female,Rent,Married,Far,32700,1,None,18,-0.16,0.74
2492,Middle,Male,Own,Married,Close,72200,0,High,24,0.88,0.74
1512,Middle,Female,Own,Married,Close,107600,2,Medium,12,1.31,0.42
870,Middle,Male,Own,Married,Close,109900,2,Medium,12,-0.91,0.79
938,Middle,Female,Own,Married,Close,65400,2,Medium,24,0.41,0.23
1584,Old,Female,Own,Single,Close,43300,0,None,12,-0.34,0.08
1148,Old,Female,Own,Single,Close,51900,0,Medium,12,1.04,0.81
2840,Middle,Female,Own,Married,Far,80600,0,High,24,-0.99,0.59
827,Middle,Female,Rent,Single,Close,42700,0,Medium,12,-0.58,0.02
428,Young,Male,Rent,Single,Far,19000,0,None,12,0.55,0.26
183,Young,Female,Rent,Single,Close,14500,1,Low,6,-1.03,0.58
818,Middle,Female,Own,Married,Close,68200,1,None,6,0.83,0.35
731,Young,Male,Rent,Married,Close,36700,0,Medium,12,0.45,0.91
2163,Old,Male,Own,Married,Far,54600,0,High,24,-0.76,0.04
1081,Middle,Male,Own,Married,Close,65900,1,Medium,12,0.11,0.76
1085,Young,Male,Own,Single,Far,39600,0,None,12,1.11,0.92
1212,Young,Male,Rent,Married,Far,67300,3,None,6,-0.26,0.81
1422,Middle,Male,Own,Single,Close,59700,1,None,18,0.28,0.25
2238,Middle,Female,Own,Married,Far,102800,2,High,18,-2.64,0.65
1615,Middle,Female,Rent,Single,Close,34700,0,None,18,0.37,0.76
713,Middle,Male,Own,Single,Close,50600,3,None,6,-0.44,0.53
607,Middle,Male,Rent,Married,Close,106700,2,Medium,6,-0.91,0.94
735,Middle,Male,Rent,Single,Close,53900,1,Medium,6,-0.83,0.88
139,Young,Female,Rent,Married,Close,25500,2,Low,6,0,0.32
1357,Young,Male,Rent,Married,Far,46300,1,Medium,18,-0.22,0.19
858,Old,Male,Own,Married,Close,55500,0,Medium,18,0.68,0.2
408,Young,Female,Own,Single,Close,27800,3,None,12,1.05,0.49
1553,Middle,Male,Own,Married,Close,118600,1,None,12,-0.11,0.96
2070,Middle,Female,Own,Married,Close,130700,3,None,6,-1.05,0.9
922,Old,Male,Rent,Single,Close,42800,0,Medium,12,-0.64,0.43
2502,Middle,Female,Own,Married,Far,118300,1,High,12,-1.75,0.15
426,Young,Female,Rent,Single,Far,25600,2,None,18,0.88,0.84
2321,Middle,Male,Rent,Married,Close,63500,2,None,24,-2.01,0.32
862,Old,Female,Own,Single,Close,30900,0,Medium,18,-0.55,0.94
2555,Middle,Male,Own,Single,Close,55900,1,None,24,-0.32,0.07
1186,Middle,Male,Own,Single,Far,53900,0,None,12,-0.57,0.19
2842,Old,Male,Own,Married,Close,84300,0,High,24,-0.14,0.59
886,Old,Male,Own,Single,Close,53400,1,Medium,12,0.56,0.41
1420,Middle,Male,Own,Married,Close,96900,1,High,12,1.11,0.96
821,Middle,Male,Rent,Single,Far,55800,1,None,6,1.33,0.5
242,Young,Female,Rent,Married,Close,25900,1,Low,6,0.98,0.91
472,Young,Female,Rent,Single,Close,22000,1,Low,12,-2.71,0.26
1231,Middle,Female,Rent,Married,Close,96700,2,Medium,12,0.42,0.34
881,Middle,Female,Rent,Single,Close,40200,1,None,12,0.61,0.65
435,Old,Male,Own,Married,Close,26800,0,Low,12,0.11,0.78
108,Young,Female,Rent,Single,Close,16700,2,Low,12,1.22,0.61
576,Young,Female,Rent,Married,Close,40900,2,Low,18,-0.43,0.28
1314,Young,Male,Rent,Married,Far,41500,3,None,24,0.13,0.66
296,Young,Male,Rent,Single,Close,20900,0,None,6,0.05,0.24
584,Young,Female,Rent,Married,Close,69700,2,Medium,6,-1.1,0.42
1156,Middle,Male,Rent,Single,Close,61800,0,High,24,-0.85,0.03
2464,Middle,Male,Own,Married,Close,102500,1,High,24,0.12,0.52
915,Middle,Female,Own,Married,Close,48900,3,None,18,-0.71,0.48
2091,Middle,Male,Own,Single,Close,60300,0,None,24,0.19,0.96
1690,Young,Male,Rent,Married,Far,41600,0,High,24,1.94,0.79
1274,Middle,Male,Own,Single,Close,73700,1,Medium,12,0.74,0.84
1012,Young,Female,Rent,Single,Close,27000,1,None,24,-3.53,0.56
950,Middle,Female,Rent,Single,Close,43700,0,Medium,12,-0.48,0.26
333,Young,Male,Rent,Single,Close,10200,2,None,12,-0.18,0.15
679,Middle,Female,Own,Married,Close,63300,2,Medium,24,-0.95,0.47
607,Young,Female,Own,Single,Far,33200,2,Medium,12,-1.27,0.29
3398,Old,Female,Own,Married,Far,78800,0,High,18,-0.17,0.38
859,Middle,Male,Own,Married,Close,82500,0,High,6,-0.45,0.09
2444,Middle,Male,Own,Single,Far,80800,2,High,18,0.12,0.97
1078,Middle,Male,Own,Married,Close,88100,2,Medium,24,-0.9,0.8
2537,Middle,Male,Rent,Married,Far,124800,3,High,18,-0.56,0.71
616,Young,Male,Own,Single,Close,31900,0,Medium,6,-0.31,0.96
508,Middle,Female,Own,Single,Close,53300,3,None,6,0.91,0.27
297,Old,Male,Own,Married,Far,15400,0,Low,6,-0.16,0.95
1583,Middle,Male,Own,Married,Close,70200,0,None,6,0.5,0
79,Young,Female,Rent,Single,Close,23000,3,Low,6,-0.56,0.47
657,Middle,Female,Own,Married,Close,82400,2,Medium,18,-0.61,0.99
2149,Middle,Female,Own,Married,Close,97900,0,High,24,-1.21,0.11
3632,Old,Female,Rent,Married,Far,88400,0,High,18,0.1,0.42
2230,Middle,Female,Own,Married,Close,86900,0,High,18,-1.28,0.68
448,Middle,Female,Own,Single,Close,45100,1,Medium,12,-0.68,0.28
301,Middle,Male,Rent,Single,Close,41800,3,Low,24,-0.59,0.14
1968,Old,Male,Own,Married,Close,74800,0,High,18,0.84,0.76
490,Middle,Female,Rent,Married,Close,73000,1,Medium,6,-0.25,0.8
3063,Middle,Male,Own,Married,Close,118500,1,High,24,2.5,0.79
193,Middle,Male,Own,Single,Close,65300,3,Low,6,-0.58,0.14
544,Middle,Female,Rent,Married,Close,66300,2,Medium,12,-0.93,0.25
2666,Middle,Male,Own,Married,Far,103900,1,High,24,-0.14,0.18
1846,Middle,Female,Own,Married,Close,71900,0,High,18,-0.31,0.33
1255,Middle,Male,Own,Married,Far,86100,1,None,12,-0.68,0.58
1081,Middle,Male,Own,Married,Close,96300,1,High,12,0.39,0.92
199,Young,Female,Rent,Single,Close,10200,3,None,6,0.48,0.75
3916,Middle,Male,Own,Married,Close,96300,2,None,18,-1.09,0.17
357,Old,Female,Own,Single,Far,24000,1,Low,6,-0.4,0.18
983,Middle,Female,Rent,Married,Close,46700,0,Medium,24,-1.09,0.4
1194,Middle,Female,Rent,Single,Close,53700,2,None,12,-0.2,0.04
2224,Middle,Male,Rent,Married,Close,108300,2,None,12,0.02,0.19
90,Young,Female,Rent,Single,Close,12100,1,Low,6,-1.43,0.17
587,Young,Male,Rent,Married,Close,36600,0,None,6,1.19,0.7
1088,Old,Male,Own,Married,Close,66300,0,High,12,-0.13,0.05
617,Young,Female,Own,Single,Close,33400,1,None,6,1.73,0.98
1227,Middle,Male,Own,Married,Far,70000,1,None,6,-0.35,0.87
662,Middle,Female,Own,Single,Close,47900,1,Medium,24,0.98,0.42
622,Middle,Female,Rent,Married,Close,40500,2,Low,18,0.51,0.13
1477,Old,Male,Own,Single,Close,69100,0,High,12,-0.56,0.11
236,Young,Female,Rent,Single,Close,13300,1,None,6,0.68,0.96
1830,Middle,Female,Rent,Married,Far,75800,1,High,12,0.4,0.75
1583,Middle,Female,Rent,Married,Close,48600,0,Medium,24,-0.32,0.6
610,Old,Female,Own,Single,Close,39600,0,Medium,12,-0.31,0.66
193,Young,Female,Rent,Single,Close,11700,0,Low,12,-0.72,0.95
1052,Young,Male,Rent,Married,Close,52600,1,Medium,12,0.18,0.45
307,Young,Male,Rent,Single,Close,14600,3,None,6,0.39,0.32
3671,Old,Male,Own,Married,Close,123000,0,High,24,-0.86,0.16
2206,Old,Female,Rent,Married,Far,64600,0,High,18,0.62,0.08
748,Middle,Female,Own,Single,Far,34600,2,Medium,18,-0.7,0.67
1481,Middle,Male,Own,Married,Close,74500,0,High,6,0.51,0.44
1607,Old,Male,Own,Married,Close,56600,0,None,24,-0.94,0.46
632,Old,Female,Rent,Single,Close,37000,1,None,6,1.02,0.46
303,Young,Female,Rent,Single,Far,18400,1,Low,6,-2.29,0.24
264,Young,Male,Rent,Single,Close,25000,0,Low,6,1.16,0.14
1575,Middle,Male,Own,Married,Far,61400,1,High,24,1.51,0.4
881,Middle,Male,Own,Married,Close,76400,2,Medium,18,-0.88,0.46
1439,Young,Male,Own,Married,Close,55100,0,Medium,18,-0.44,0.24
452,Old,Female,Own,Married,Far,22800,0,None,12,0.54,0.1
93,Old,Female,Own,Married,Close,10100,1,Low,6,-1.21,0.64
292,Young,Male,Rent,Single,Close,17800,0,Low,18,-0.47,0.39
1426,Middle,Female,Own,Married,Close,59100,1,None,6,0.66,0.79
330,Young,Female,Rent,Single,Far,19700,2,Low,6,0.95,0.68
3120,Middle,Male,Own,Married,Far,73800,0,High,24,-0.63,0.43
5151,Middle,Male,Own,Married,Far,113300,1,High,18,0.57,0.28
3941,Middle,Male,Own,Married,Far,118400,2,None,12,-0.6,0.18
2141,Middle,Male,Own,Married,Close,92300,1,None,24,-1.56,0.75
106,Young,Male,Rent,Single,Close,11200,0,None,6,1.29,0.36
530,Young,Female,Rent,Married,Far,30100,0,Medium,12,0.23,0.85
500,Middle,Female,Own,Single,Close,43500,1,Medium,12,-0.38,0.96
2837,Middle,Male,Own,Married,Close,97500,0,High,18,0.79,0.94
1246,Old,Male,Own,Married,Close,54600,0,Medium,24,0.02,0.09
798,Middle,Male,Rent,Single,Far,42500,1,None,6,-0.66,0.68
1544,Middle,Male,Own,Single,Close,82800,0,None,6,2.12,0.6
2644,Old,Male,Own,Married,Far,62300,0,High,24,-0.77,0.27
192,Young,Male,Rent,Single,Far,21900,2,None,6,-0.34,0.76
865,Middle,Female,Rent,Single,Far,35600,3,Low,18,-1.04,0.13
1159,Middle,Male,Own,Married,Close,96900,0,High,6,-2.4,0.28
1480,Young,Female,Rent,Married,Close,36900,1,None,18,-0.21,0.39
1426,Middle,Female,Rent,Married,Close,93500,1,High,18,-1.41,0.79
3048,Middle,Male,Own,Married,Close,97300,1,None,12,-1.59,0.88
276,Young,Male,Rent,Single,Close,21900,0,Low,12,1.32,0.73
1910,Middle,Male,Rent,Single,Close,63000,0,High,24,0.23,0.76
157,Young,Female,Rent,Single,Close,11500,3,None,6,1.39,0.27
236,Middle,Male,Own,Single,Close,44600,2,Low,6,-0.54,0.3
576,Young,Female,Rent,Single,Close,21900,1,None,12,-1.82,0.99
794,Middle,Male,Rent,Single,Far,45100,1,Medium,12,0.44,0.02
1474,Old,Female,Own,Married,Close,74900,0,High,12,-0.97,1
250,Young,Male,Rent,Single,Close,14200,0,Low,6,-0.85,0.27
788,Young,Female,Rent,Single,Far,23200,2,None,24,-0.56,0.58
1694,Old,Male,Own,Married,Close,73300,0,None,12,-0.21,0.23
1985,Old,Male,Own,Married,Far,41300,0,High,24,0.73,0.55
1252,Old,Female,Own,Single,Far,32700,0,Medium,24,-0.12,0.75
827,Old,Female,Own,Single,Close,35200,0,None,12,-1.07,0.24
314,Young,Female,Rent,Single,Close,13100,0,None,18,-0.57,0.83
880,Middle,Male,Own,Married,Close,97400,1,High,6,0.15,0.29
466,Young,Female,Rent,Single,Far,23100,2,Low,6,1.52,0.69
210,Middle,Male,Own,Single,Close,49200,3,Low,12,-1.64,0.12
902,Middle,Male,Own,Single,Far,45000,1,None,18,0.63,0.98
1274,Middle,Male,Own,Married,Close,87200,0,High,18,0.34,0.81
1631,Middle,Male,Own,Single,Close,49900,1,None,24,0.16,0.78
1220,Middle,Male,Own,Married,Close,66900,0,High,12,0.16,0.17
801,Middle,Female,Own,Single,Close,47600,1,Medium,12,0.79,0.36
1090,Middle,Female,Own,Single,Close,47900,0,None,12,0.61,0.19
1699,Middle,Male,Own,Single,Close,59400,0,Medium,18,-0.01,0.74
273,Middle,Female,Rent,Single,Close,32700,2,Low,6,-0.19,0.05
523,Middle,Male,Rent,Single,Close,34200,1,Low,18,-1.67,0.63
1437,Middle,Male,Own,Married,Close,96600,0,None,12,-1,0.56
1888,Middle,Female,Own,Married,Close,126300,1,High,6,0.52,0.3
476,Young,Male,Rent,Single,Close,31600,1,None,12,0.6,0.68
2632,Middle,Female,Own,Married,Far,108100,3,High,18,0.11,0.16
326,Middle,Female,Rent,Single,Close,43300,3,Low,24,-1.54,0.42
446,Old,Female,Rent,Single,Far,17900,0,Low,6,0.79,0.89
1071,Middle,Male,Own,Single,Far,50100,1,High,18,-0.08,0.46
1699,Old,Female,Own,Married,Close,74700,0,High,12,-0.45,0.19
966,Old,Male,Rent,Married,Close,60000,0,Medium,6,-1.5,0.77
567,Young,Male,Own,Single,Close,33400,0,None,12,-0.92,0.59
1658,Middle,Female,Rent,Married,Close,68800,0,None,6,-0.07,0.95
173,Middle,Female,Rent,Single,Close,25700,2,Low,6,0.13,0.91
3344,Middle,Male,Own,Married,Close,83700,0,High,24,-0.54,0.21
1029,Middle,Male,Rent,Single,Close,50500,0,Medium,12,0.45,0.01
345,Young,Female,Rent,Single,Close,17300,0,Low,12,-1.19,0.02
712,Middle,Male,Own,Single,Close,45800,0,None,6,1.23,0.6
1841,Old,Male,Own,Married,Close,108900,0,High,12,0.83,0.06
409,Middle,Female,Rent,Married,Close,60500,2,Low,6,-0.8,0.92
2710,Old,Female,Own,Married,Far,84100,0,High,18,-0.01,0.7
592,Young,Male,Rent,Married,Far,25100,0,Medium,12,1.51,0.25
2101,Middle,Male,Own,Married,Close,69900,1,None,18,0.39,0.94
1473,Middle,Male,Own,Married,Close,97100,0,None,12,-0.05,0.17
715,Middle,Female,Own,Married,Close,72200,2,Medium,18,0.42,0.39
2233,Old,Female,Own,Married,Far,78900,0,High,18,-1.3,0.51
921,Middle,Female,Own,Single,Far,62500,3,None,6,-0.77,0.14
216,Young,Female,Rent,Single,Close,17800,1,Low,6,0.17,0.43
1781,Middle,Female,Own,Married,Close,105500,1,High,6,1.18,0.79
418,Middle,Female,Own,Single,Close,46100,2,Low,12,-0.06,0.67
268,Young,Male,Rent,Single,Close,27100,1,Low,12,1.67,0.24
1252,Young,Male,Rent,Married,Far,60300,1,None,6,1.04,0.66
140,Young,Female,Rent,Single,Close,12000,0,Low,6,1.53,0.8
992,Middle,Female,Own,Single,Close,48400,0,Medium,12,-1.05,0.58
1388,Middle,Male,Rent,Single,Close,45600,0,Medium,18,0.19,0.33
233,Middle,Female,Own,Single,Close,35200,2,Low,6,-0.64,0.24
2304,Middle,Male,Rent,Single,Far,60200,0,High,24,0.72,0.63
2177,Middle,Female,Rent,Married,Far,53900,1,High,18,-0.06,0.79
1127,Middle,Male,Own,Married,Close,70400,2,None,12,-1.87,0.15
721,Young,Male,Rent,Married,Close,36900,0,Medium,18,0.35,0.31
438,Old,Female,Own,Single,Close,36100,0,Medium,12,-0.34,0.45
393,Young,Female,Rent,Single,Close,11000,2,None,18,-1.35,0.51
1666,Middle,Male,Own,Single,Close,61600,0,None,18,-0.01,0.39
2448,Middle,Male,Own,Married,Close,88700,1,None,18,0.17,0.9
2563,Middle,Female,Own,Married,Far,88600,1,High,18,1.75,0.92
1763,Middle,Male,Rent,Married,Close,79500,0,High,18,-0.69,0.64
184,Young,Female,Rent,Single,Close,18900,1,Low,6,0.1,0.8
166,Old,Female,Own,Single,Close,17300,0,Low,6,-1.8,0.74
1014,Middle,Female,Rent,Married,Close,81400,2,None,6,-1.96,0.44
1140,Young,Male,Rent,Married,Close,36500,0,Medium,24,0.83,0.86
1021,Middle,Female,Own,Single,Close,43300,1,None,18,1.09,0.01
1431,Middle,Male,Own,Married,Close,76700,1,Medium,24,-0.21,0.58
5878,Middle,Male,Own,Married,Far,123000,1,High,24,-0.66,0.53
321,Middle,Male,Own,Single,Close,56300,3,Low,6,-0.93,0.81
1974,Middle,Male,Own,Married,Close,70000,0,High,24,-0.16,0.51
1640,Middle,Male,Own,Single,Close,48100,0,Medium,18,0.08,0.76
1175,Young,Female,Rent,Married,Close,79400,0,None,6,-0.12,0.58
364,Middle,Female,Own,Married,Close,63700,3,Low,12,0.08,0.66
417,Young,Male,Rent,Single,Close,21200,0,None,12,1.2,0.44
1060,Middle,Male,Rent,Single,Close,53900,0,Medium,12,0.82,0.69
2176,Old,Female,Own,Married,Close,118800,0,High,18,0.28,0.39
200,Middle,Female,Own,Married,Close,79400,3,Low,6,0.62,0.22
513,Old,Female,Rent,Single,Far,20400,0,None,24,-0.56,0.61
857,Middle,Male,Rent,Single,Close,52400,0,None,18,1.53,0
224,Old,Female,Own,Single,Close,17600,0,Low,6,0.08,0.92
371,Young,Male,Rent,Single,Close,23500,0,Low,12,0.61,0.05
687,Young,Male,Rent,Married,Close,56900,2,Low,12,-0.44,0.98
809,Middle,Male,Own,Married,Close,95100,2,Medium,12,-0.13,0.5
2090,Middle,Male,Own,Married,Close,119800,2,Medium,24,-0.85,0.24
1479,Old,Male,Own,Single,Close,58700,0,None,24,0.52,0.05
534,Middle,Female,Own,Married,Close,76700,2,Medium,6,2.01,0.75
1172,Middle,Male,Own,Married,Close,67600,1,Medium,18,1.61,0.91
968,Middle,Male,Own,Single,Close,61500,2,Medium,24,0.02,1
753,Old,Female,Own,Married,Close,72900,0,High,6,0.94,0.7
242,Old,Female,Rent,Single,Close,21200,0,Low,6,2,0.75
515,Old,Male,Rent,Single,Close,32400,1,Low,12,-0.21,0.52
2119,Middle,Female,Own,Married,Close,62200,3,None,24,0.53,1
491,Old,Female,Own,Single,Close,24400,0,Low,6,0.45,0.89
286,Middle,Male,Own,Married,Close,66500,3,Low,12,1.06,0.2
3069,Old,Female,Rent,Married,Far,72200,0,High,24,-1.53,0.31
281,Young,Female,Rent,Single,Close,16900,2,None,6,-0.02,0.84
1608,Young,Male,Rent,Married,Close,56300,0,None,24,-1.11,0.29
736,Old,Female,Own,Single,Far,22000,0,Medium,12,0.25,0.34
170,Young,Female,Rent,Single,Close,18800,2,Low,18,-1,0.03
245,Young,Female,Rent,Single,Close,26600,2,Low,24,-0.45,0.31
3052,Middle,Female,Rent,Married,Close,72100,0,High,24,-1.39,0.23
1786,Middle,Male,Own,Single,Far,55600,0,High,18,-0.92,0.53
47,Young,Female,Rent,Single,Close,14600,3,Low,6,0.88,0.58
1645,Old,Male,Own,Married,Close,45900,0,Medium,24,-0.46,0.41
274,Young,Female,Own,Single,Close,15100,0,Low,6,0.87,0.34
1001,Middle,Male,Own,Married,Close,140700,3,Medium,12,-1.22,0.83
1944,Middle,Male,Own,Married,Close,90300,0,High,24,1.29,0.03
2585,Old,Male,Own,Married,Close,95900,0,High,24,1.63,0.94
260,Young,Male,Rent,Single,Far,20800,0,None,6,0.19,0.67
1414,Middle,Male,Own,Married,Close,98400,0,High,12,0.58,0.26
341,Young,Female,Rent,Single,Close,15000,2,None,12,-1.31,0.23
268,Young,Male,Rent,Single,Close,17700,1,Low,12,0.41,0.51
1237,Middle,Male,Own,Married,Close,102400,1,High,18,-1.94,0.13
589,Young,Male,Rent,Single,Far,17800,1,None,18,-1.22,0.79
368,Young,Male,Rent,Single,Far,13800,1,Low,12,0.85,0.1
940,Middle,Female,Rent,Single,Close,50500,1,Medium,12,0.23,0.91
232,Middle,Female,Rent,Single,Close,42000,3,Low,18,-0.63,0.55
678,Middle,Male,Own,Married,Close,95800,3,Low,12,0.9,0.39
324,Young,Male,Rent,Single,Close,15200,0,None,12,-0.61,0.63
147,Young,Male,Rent,Single,Close,15800,2,Low,12,-0.2,0.58
694,Old,Male,Own,Single,Close,51400,0,None,6,1.3,0.14
526,Old,Female,Rent,Married,Close,38200,0,Medium,6,1.23,0.21
586,Middle,Female,Rent,Single,Close,39900,1,Low,12,0.96,0.93
491,Young,Female,Own,Single,Close,21600,2,None,12,-0.08,0.33
1436,Old,Female,Own,Married,Close,65900,0,High,24,-0.32,0.79
1280,Middle,Female,Own,Married,Close,97500,1,High,12,0.51,0.68
2107,Middle,Male,Rent,Married,Far,63000,0,High,18,0.75,0.08
860,Young,Female,Own,Single,Far,31900,0,None,12,-1.02,0.52
1624,Middle,Female,Rent,Single,Far,45500,1,None,18,0.82,0.15
230,Old,Female,Own,Single,Close,12800,0,None,12,0.7,0.33
164,Old,Female,Own,Married,Far,12600,2,Low,12,-1.46,0.18
157,Middle,Male,Rent,Single,Close,50700,3,Low,6,1.22,0.87
62,Young,Female,Rent,Single,Close,17900,3,Low,6,-0.12,0.41
223,Young,Female,Rent,Single,Close,14400,1,Low,18,-0.09,0.68
438,Old,Female,Own,Single,Close,23800,0,Low,6,1.06,0.82
2705,Middle,Male,Own,Married,Close,84700,3,None,24,0.6,0.1
371,Middle,Female,Rent,Single,Close,36900,1,Low,6,0.58,0.61
201,Old,Female,Own,Single,Close,20600,0,Low,6,-0.78,0.98
1213,Young,Male,Rent,Married,Close,41500,0,None,24,0.76,0.91
586,Middle,Male,Own,Married,Close,83100,2,Medium,6,-0.97,0.77
2693,Middle,Male,Own,Married,Far,88700,2,High,24,-0.44,0.66
1404,Old,Female,Own,Married,Close,54700,0,Medium,24,0.02,0.65
2784,Middle,Male,Own,Single,Close,68900,2,None,18,-0.81,0.63
275,Young,Female,Rent,Single,Close,22200,2,Low,18,-0.36,0.05
794,Middle,Female,Own,Married,Close,70900,1,Medium,12,-0.98,0.25
964,Middle,Male,Own,Single,Close,55900,0,Medium,12,-0.34,0.19
1598,Middle,Female,Own,Married,Close,80800,1,None,18,0.67,0.54
2838,Middle,Male,Own,Married,Far,100600,3,High,24,-1.09,0.73
619,Old,Female,Own,Single,Close,39900,0,None,6,1.87,0.71
392,Young,Female,Rent,Married,Close,71200,3,Low,12,-1.35,0.24
1850,Old,Female,Own,Married,Close,61000,0,None,18,1.98,0.67
1506,Old,Male,Own,Single,Close,38700,0,None,24,-3.02,0.58
3126,Middle,Male,Own,Married,Far,98900,0,None,18,-0.16,0.59
1325,Middle,Male,Own,Single,Close,64300,0,None,6,1.35,0.7
1541,Middle,Female,Own,Married,Close,75600,0,None,12,-0.22,0.52
2491,Young,Female,Rent,Married,Far,53700,0,High,24,0.5,0.82
1177,Middle,Male,Own,Single,Close,66600,0,High,18,0.74,0.76
1487,Old,Female,Own,Married,Close,89000,0,High,12,-0.23,0.03
322,Young,Female,Rent,Single,Far,18200,2,Low,12,0.12,0.92
647,Young,Female,Rent,Married,Close,73600,1,Medium,6,0.06,0.85
1322,Middle,Female,Rent,Single,Far,45600,0,High,12,0.91,0.58
1534,Young,Male,Own,Married,Close,73000,0,None,6,1.74,0.53
583,Young,Male,Own,Single,Close,29600,3,None,12,1.01,0.73
1705,Middle,Male,Rent,Married,Close,92900,1,None,6,2.02,0.97
191,Old,Female,Rent,Single,Far,13900,0,Low,6,0.14,0.22
239,Young,Male,Rent,Married,Close,64300,3,Low,6,-0.77,0.25
568,Middle,Male,Own,Married,Close,77100,2,Medium,6,-0.15,0.12
571,Young,Female,Own,Single,Close,27500,3,None,12,1.22,0.38
919,Old,Male,Rent,Married,Close,81800,0,High,6,3.15,0.94
1398,Old,Female,Rent,Married,Close,41700,0,Medium,18,0.92,0.96
1025,Old,Female,Own,Married,Close,51000,0,Medium,12,-1.23,0.17
909,Middle,Male,Rent,Single,Close,55900,1,Medium,12,-0.22,0.13
209,Young,Male,Rent,Single,Close,19800,2,Low,12,-0.39,0.43
245,Young,Male,Rent,Single,Close,17600,0,None,6,0.39,0.97
2362,Middle,Male,Rent,Married,Far,84100,1,High,24,-0.52,0.34
3380,Middle,Male,Own,Married,Close,85600,0,High,24,0.65,0.11
424,Young,Male,Rent,Single,Close,13400,0,Low,18,-1.27,0.28
1272,Young,Female,Rent,Married,Far,47200,1,Medium,12,-0.33,0.1
1909,Middle,Male,Own,Married,Close,96300,1,High,24,1.9,0.11
340,Middle,Male,Own,Married,Close,60500,3,Low,12,0.64,0.25
1355,Middle,Female,Own,Single,Close,35800,1,None,24,-0.05,0.31
472,Middle,Male,Rent,Married,Close,106100,3,Low,12,0.87,0.2
303,Young,Male,Rent,Single,Close,18000,0,Low,12,0.76,0.92
1079,Middle,Male,Rent,Single,Far,50000,1,None,6,0.83,0.72
981,Old,Female,Own,Single,Close,58200,0,Medium,18,0.35,0.49
160,Young,Female,Rent,Single,Far,13500,2,Low,12,0.86,0.77
613,Middle,Female,Own,Married,Close,59900,1,None,6,-0.66,0.62
662,Young,Female,Rent,Single,Far,18400,1,Low,12,-0.42,0.48
177,Middle,Male,Rent,Married,Close,62800,3,Low,6,-0.71,0.92
785,Middle,Male,Rent,Single,Close,70000,0,High,6,-0.48,0.63
349,Young,Female,Rent,Single,Far,13600,1,None,18,0.24,0.49
213,Middle,Female,Rent,Married,Close,97400,3,Low,6,0.84,0.49
1578,Old,Female,Own,Married,Far,37500,0,Medium,18,-1.8,0.58
258,Old,Female,Own,Single,Close,22800,0,Low,6,-2.28,0.14
192,Young,Female,Rent,Single,Close,14200,0,None,6,0.42,0.62
289,Young,Male,Rent,Single,Close,18700,0,Low,12,0.23,0.51
1821,Middle,Male,Own,Married,Close,107400,1,High,24,0.48,0.6
905,Young,Female,Rent,Single,Far,28900,0,Medium,24,1.12,0.85
188,Middle,Male,Rent,Married,Close,38400,2,Low,6,1.08,0.8
1405,Middle,Male,Rent,Single,Close,54200,0,None,18,-1.13,0.88
2381,Old,Male,Own,Married,Close,102700,0,None,18,1.46,0.99
184,Young,Female,Rent,Single,Close,13300,1,Low,6,2.08,0.54
1364,Middle,Male,Own,Single,Close,60200,3,None,12,0.12,0.9
414,Young,Male,Rent,Single,Close,21400,0,None,12,-2.89,0.16
387,Young,Female,Rent,Single,Close,21700,2,None,6,-0.76,0.35
504,Young,Male,Rent,Single,Close,23200,1,Low,24,1.2,0.02
574,Middle,Male,Own,Married,Close,64800,2,Medium,12,-0.98,0.68
984,Middle,Male,Rent,Single,Close,55600,0,Medium,6,0.2,0.86
5209,Middle,Male,Own,Married,Far,89500,0,High,24,0.29,0.11
422,Young,Female,Rent,Single,Far,12500,1,None,12,0.67,0.5
1594,Middle,Male,Own,Married,Close,87000,0,High,24,-0.25,0.35
1087,Middle,Female,Rent,Single,Far,31200,3,None,24,-0.18,0.52
163,Young,Female,Rent,Single,Close,13700,1,None,6,1.31,0.26
427,Middle,Male,Own,Single,Close,55500,3,Low,18,0.6,0.72
624,Middle,Female,Rent,Single,Close,58600,1,Medium,6,0.19,0.47
788,Young,Female,Own,Married,Far,55900,1,None,6,-1.32,0.85
414,Young,Female,Rent,Single,Far,13700,2,None,24,2.26,0.47
3001,Old,Female,Own,Married,Far,81400,0,High,24,1.15,0.94
863,Old,Female,Own,Married,Close,90500,0,High,6,0.3,0.36
1517,Middle,Female,Own,Married,Close,82200,1,None,12,1.14,0.17
836,Middle,Male,Own,Married,Far,65400,3,None,6,-0.94,0.03
1152,Middle,Male,Own,Single,Close,74400,0,High,12,-0.29,0.45
1408,Young,Male,Rent,Married,Far,63300,3,None,6,-0.22,0.82
1082,Young,Male,Rent,Married,Far,51600,0,None,12,0.22,0.4
1162,Young,Male,Rent,Married,Far,55000,0,None,12,0.4,0.23
358,Middle,Female,Own,Single,Close,43900,2,Low,6,0.52,0.71
304,Young,Female,Own,Single,Close,20300,1,Low,12,-1.1,0.14
360,Young,Female,Own,Single,Far,16300,0,None,12,1.35,0.97
1162,Middle,Male,Own,Married,Close,97600,2,Medium,12,1.05,0.75
348,Old,Female,Rent,Single,Far,15100,0,Low,6,-1.74,0.27
206,Young,Female,Rent,Single,Close,12500,3,None,12,1.01,0.87
114,Young,Female,Rent,Single,Close,10600,2,Low,12,0.5,0.55
932,Middle,Female,Own,Single,Close,41300,1,None,18,-0.78,0.1
446,Young,Female,Own,Single,Close,27200,2,Low,18,-0.36,0.17
2466,Middle,Male,Own,Married,Close,102400,1,None,12,1.44,0.56
576,Young,Female,Own,Single,Far,27900,1,None,12,0.22,0.18
428,Old,Male,Rent,Married,Far,23800,0,None,12,-1.31,0.62
2247,Middle,Male,Own,Married,Close,100000,1,High,24,0.72,1
716,Middle,Female,Rent,Married,Far,43300,3,Medium,24,0.36,0.72
1017,Middle,Male,Own,Married,Close,65800,1,None,12,-0.28,0.03
613,Middle,Female,Own,Married,Close,49700,2,Low,18,0.58,0.35
580,Middle,Female,Rent,Married,Close,82300,2,Medium,12,0.24,0
841,Middle,Male,Rent,Single,Close,41200,0,Medium,12,-1.04,0.65
737,Young,Male,Rent,Single,Close,29200,0,Low,18,-1.26,0.17
1162,Middle,Female,Own,Single,Close,51900,2,None,12,-1.5,1
895,Middle,Female,Own,Married,Close,85500,2,Medium,18,0.82,0.4
205,Young,Female,Rent,Single,Far,12400,3,Low,18,-1.2,0.58
2340,Middle,Female,Own,Married,Close,111900,1,None,12,0.84,0.1
630,Middle,Female,Rent,Single,Close,40400,1,Low,24,-0.52,0.69
407,Young,Male,Rent,Single,Far,10900,0,Low,24,1.28,0.28
2122,Middle,Male,Own,Married,Close,82400,3,None,18,0.78,0.98
227,Young,Female,Rent,Single,Close,13200,1,Low,12,0.32,0.36
1149,Middle,Male,Rent,Single,Close,57800,0,Medium,24,1.01,0.37
669,Old,Female,Own,Married,Close,52200,1,Medium,12,-0.02,0.76
2935,Middle,Male,Rent,Married,Far,64600,2,None,24,1.88,0.34
1444,Middle,Female,Own,Single,Close,43100,0,None,24,-1.12,0.78
1384,Old,Female,Own,Married,Far,40100,0,Medium,12,-0.49,0.96
1557,Old,Male,Own,Married,Close,84500,0,None,12,-0.32,0.13
802,Old,Male,Rent,Married,Close,34500,0,Medium,12,-0.35,0.39
1611,Young,Female,Rent,Married,Close,61000,1,None,18,-1,0.07
2047,Old,Female,Own,Married,Far,79300,0,None,12,-0.85,0.6
1175,Middle,Male,Rent,Single,Close,44500,0,Medium,24,-0.77,0.24
1011,Young,Male,Rent,Married,Close,39700,0,Medium,18,-0.35,0.47
1062,Old,Female,Own,Single,Close,30300,0,Low,18,-0.94,0.42
271,Young,Female,Rent,Single,Close,20100,1,Low,12,1.5,0.74
2690,Old,Male,Own,Married,Far,86500,0,High,24,0.11,0.37
918,Old,Female,Rent,Single,Close,42500,0,Medium,24,-1.21,0.18
2438,Middle,Male,Own,Married,Close,102300,0,High,24,0.66,0.3
1307,Middle,Female,Own,Single,Far,52600,2,Medium,12,-2.03,0.89
1185,Middle,Female,Rent,Single,Far,37800,2,None,12,1.36,0.55
180,Young,Female,Rent,Single,Close,20300,2,Low,12,-0.21,0.93
1198,Middle,Male,Own,Married,Close,71600,1,None,12,-0.72,0.1
1001,Young,Male,Rent,Married,Close,54500,1,Medium,18,0.34,0.42
1355,Middle,Male,Rent,Single,Close,54700,0,Medium,24,0.88,0.07
989,Middle,Male,Rent,Single,Far,58600,2,None,6,-0.08,0.01
1803,Middle,Male,Rent,Single,Far,53800,0,High,12,-0.36,0.14
2840,Middle,Female,Own,Married,Close,131500,3,None,6,0.13,0.66
1909,Middle,Male,Rent,Single,Far,52200,0,High,24,1.99,0.19
247,Young,Male,Rent,Married,Close,37200,1,Low,6,1.31,0.64
814,Young,Male,Rent,Single,Far,22900,1,None,12,-1.83,0.03
216,Young,Male,Rent,Married,Close,55500,3,Low,12,1.15,0.22
365,Young,Female,Rent,Single,Far,12800,1,None,24,1.6,0.69
163,Young,Female,Rent,Single,Close,17600,2,Low,18,0.04,0.16
933,Old,Female,Own,Single,Far,28300,0,Medium,24,-0.79,0.77
654,Old,Male,Own,Single,Close,41900,0,Medium,6,0.49,0.18
153,Young,Female,Rent,Single,Close,14100,3,None,6,-0.61,0.92
1668,Middle,Male,Rent,Single,Close,52100,0,None,12,0.7,0.17
1009,Middle,Male,Rent,Single,Far,38700,1,Medium,18,0.54,0.41
1659,Middle,Female,Rent,Single,Far,44100,1,Medium,18,-0.17,0.28
1905,Middle,Male,Own,Married,Far,79200,1,High,6,-0.01,0.92
521,Young,Female,Rent,Single,Close,22600,3,None,6,0.14,0.03
826,Middle,Male,Rent,Single,Close,55100,2,None,6,-0.18,0.33
2610,Old,Female,Own,Married,Far,70400,0,High,18,0.86,0.63
1194,Middle,Male,Own,Married,Close,107300,2,Medium,24,-0.46,0.57
1181,Middle,Female,Rent,Married,Close,66500,1,None,24,-0.71,0.61
362,Young,Male,Rent,Single,Close,10200,0,None,24,-0.12,0.18
768,Young,Female,Own,Single,Far,41000,1,Medium,12,-0.59,0.32
381,Middle,Female,Rent,Single,Close,26200,1,Low,12,1.99,0.14
1811,Middle,Male,Rent,Married,Far,72200,3,Medium,18,0.14,0.07
1218,Middle,Male,Rent,Single,Far,36700,1,Medium,24,-1.52,0.75
1413,Old,Male,Own,Married,Far,74500,0,None,18,-0.32,0.01
1748,Middle,Female,Own,Single,Close,60200,1,None,12,0.54,0.85
639,Old,Male,Rent,Single,Close,34500,0,Medium,24,0.36,0.48
1582,Old,Female,Own,Married,Close,83700,0,High,18,-0.16,0.7
376,Young,Male,Rent,Single,Far,14800,1,None,12,-0.14,0.51
1757,Middle,Male,Own,Married,Close,106400,0,None,12,-0.57,0.12
105,Young,Female,Rent,Married,Close,42000,3,Low,6,0.09,0.59
2631,Middle,Male,Rent,Married,Close,118800,0,High,12,-1.2,0.84
486,Young,Female,Own,Single,Far,21900,2,Low,24,-0.48,0.94
412,Middle,Male,Rent,Single,Close,39500,1,None,6,0.16,0.92
716,Middle,Male,Rent,Single,Close,45900,0,Medium,12,1.43,0.36
653,Young,Female,Rent,Married,Close,37100,2,Low,24,1.11,0.14
224,Middle,Female,Rent,Single,Close,28200,1,Low,6,1.14,0.89
705,Middle,Male,Rent,Married,Close,74600,2,Medium,18,-0.08,0.99
4984,Middle,Male,Own,Married,Close,122700,1,None,18,-0.46,0.28
197,Young,Female,Rent,Single,Close,14200,2,Low,18,-1.06,0.16
2450,Middle,Male,Own,Married,Far,75500,0,None,18,-1.71,0.04
2561,Middle,Male,Own,Single,Close,62900,0,None,24,-0.42,0.4
563,Young,Male,Rent,Single,Far,19400,0,Low,6,0.94,0.4
546,Middle,Female,Rent,Single,Close,46600,0,None,12,-0.14,0.17
3384,Middle,Male,Own,Married,Far,79700,1,High,24,-0.13,0.16
416,Middle,Male,Own,Single,Close,45900,2,Low,12,-0.57,0.19
685,Old,Female,Own,Married,Close,42800,0,Medium,6,0.48,0.55
1931,Old,Male,Own,Married,Far,65500,0,High,24,-0.61,0.98
573,Old,Female,Rent,Single,Close,33600,0,Medium,12,-0.31,0.5
1553,Middle,Female,Own,Single,Far,55600,1,High,18,-0.39,0.89
362,Young,Female,Rent,Single,Close,24000,2,None,6,-0.06,0.01
907,Young,Male,Rent,Single,Far,25700,0,Medium,18,1.57,0.77
445,Old,Female,Own,Married,Close,21500,0,Low,18,-0.15,0.5
1342,Old,Female,Rent,Married,Close,68600,0,High,18,0.62,0.17
457,Young,Female,Rent,Single,Far,23100,2,Low,12,-0.76,0.6
1598,Middle,Female,Rent,Married,Close,53300,0,Medium,24,0.52,0.58
1861,Old,Female,Own,Married,Close,112800,0,High,12,-0.09,0.08
4109,Old,Male,Own,Married,Close,124900,0,High,18,-1.32,0.73
3278,Middle,Female,Own,Single,Close,72200,0,None,18,0.73,0.64
421,Middle,Male,Rent,Single,Close,35100,1,Low,6,0.85,0.89
275,Old,Female,Rent,Single,Close,14900,0,None,12,-0,0.54
1475,Middle,Male,Rent,Single,Close,72000,0,High,12,-3.4,0.78
1779,Middle,Male,Own,Married,Close,82400,0,High,18,0.42,0.62
1634,Young,Male,Rent,Married,Close,41600,3,None,24,-0.06,0.68
1500,Middle,Female,Own,Married,Close,68500,2,None,12,0.29,0.3
1348,Young,Male,Own,Married,Close,62200,0,High,24,0.1,0.87
962,Old,Female,Own,Single,Close,35900,0,None,12,0.7,0.67
328,Young,Male,Rent,Single,Close,14100,0,Low,12,-0.47,0.14
747,Young,Female,Rent,Married,Close,36500,1,None,18,0.21,0.94
1713,Middle,Female,Own,Married,Close,86400,1,High,12,1.49,0.87
1006,Old,Female,Rent,Married,Close,39500,0,Medium,12,0.54,0.52
2523,Old,Male,Own,Married,Close,85300,0,None,12,-0.37,0.96
2458,Old,Female,Own,Married,Close,110700,0,High,12,1.08,0.27
742,Young,Male,Rent,Single,Far,17700,0,Low,18,0.32,0.03
1639,Young,Female,Rent,Married,Far,33200,1,None,24,0.54,0.66
843,Middle,Female,Own,Single,Close,53800,0,Medium,12,0.44,0.49
886,Old,Male,Rent,Single,Close,44400,0,Medium,18,-0.43,0.39
2746,Middle,Female,Rent,Married,Close,135700,1,High,24,0.87,0.33
550,Young,Female,Rent,Single,Far,20700,1,Low,12,-0.02,0.41
2098,Middle,Male,Rent,Married,Far,83500,2,High,24,2.03,1
954,Middle,Female,Rent,Married,Close,84200,2,Medium,24,-0.37,0.48
1041,Middle,Female,Rent,Married,Close,79900,1,Medium,12,0.36,0.97
535,Old,Female,Rent,Single,Far,19700,0,Low,6,-0.16,0.76
1369,Middle,Female,Rent,Single,Close,35300,0,None,18,0.37,0.34
2545,Old,Male,Own,Married,Far,52000,0,High,18,0.12,0.03
329,Young,Male,Rent,Single,Close,21300,1,None,12,0.18,0.13
1351,Middle,Male,Own,Single,Close,63700,0,None,6,-0.5,0.92
582,Old,Female,Own,Married,Close,25900,0,Low,18,0.87,0.5
578,Middle,Male,Rent,Married,Close,65800,2,Medium,18,-1.31,0.41
195,Old,Female,Rent,Single,Close,11000,0,None,24,0.68,0.23
777,Old,Female,Rent,Married,Close,65900,0,High,12,-1.39,0.76
1133,Middle,Female,Own,Married,Close,108100,1,High,12,0.49,0.33
1566,Middle,Male,Own,Married,Close,107300,2,Medium,18,1.34,0.97
1651,Middle,Female,Rent,Married,Close,79500,0,High,12,0.86,0.93
3168,Middle,Female,Rent,Married,Close,95900,0,None,24,-0.6,0.86
699,Middle,Male,Rent,Single,Close,45200,1,Medium,18,0.59,0.91
2034,Middle,Male,Own,Married,Close,98500,0,High,18,-0.16,0.6
1457,Old,Female,Own,Married,Close,96200,0,High,12,-1.35,0.67
395,Young,Male,Rent,Single,Close,17900,0,None,18,0.6,0.01
541,Middle,Male,Own,Married,Close,42700,0,Medium,6,-0.24,0.69
2844,Middle,Male,Own,Single,Far,49700,0,High,24,2.18,0.97
225,Middle,Female,Rent,Single,Close,43000,3,Low,24,-0.02,0.43
210,Young,Female,Rent,Single,Close,15500,1,Low,6,0.19,0.54
43,Young,Male,Rent,Single,Close,13000,3,Low,6,0.34,0.23
243,Middle,Female,Rent,Single,Close,27200,3,Low,24,0.97,0.1
1120,Old,Female,Own,Married,Close,26700,0,Low,24,0.76,0.75
975,Old,Male,Own,Single,Far,61000,0,High,6,-1.49,0.31
2904,Middle,Female,Own,Married,Close,76600,3,None,24,-1.25,0.82
927,Middle,Male,Own,Married,Close,117500,2,Medium,12,-0.29,0.1
3167,Old,Male,Own,Married,Close,90600,0,High,24,-0.96,0.6
241,Young,Female,Rent,Single,Far,12600,0,Low,6,1.16,0.49
65,Old,Female,Own,Single,Close,12700,2,Low,6,0.73,0.3
858,Middle,Female,Own,Married,Far,77600,3,Medium,12,-0.19,0.69
2191,Middle,Female,Rent,Married,Far,92400,1,None,6,-1.24,0.53
1946,Old,Female,Rent,Married,Close,71800,0,High,24,-0.23,0.05
2581,Middle,Male,Own,Married,Far,95800,3,None,12,-0.37,0.97
172,Young,Female,Own,Single,Close,32600,3,Low,12,0.16,0.91
824,Middle,Male,Own,Married,Close,74500,2,Medium,12,-0.53,0.94
556,Old,Female,Rent,Single,Close,29200,0,Low,12,0.24,0.44
167,Young,Female,Rent,Single,Far,12900,1,Low,6,-0.7,0.69
2104,Middle,Male,Rent,Married,Close,117700,1,High,12,-0.11,0.87
1332,Middle,Female,Own,Married,Close,64100,1,Medium,18,-0.75,0.57
829,Middle,Female,Rent,Single,Close,46500,1,Medium,24,0.66,0.55
229,Young,Female,Rent,Single,Close,12400,1,None,12,-0.32,0.36
3442,Middle,Male,Own,Married,Far,130600,0,High,18,-0.7,0.09
1893,Middle,Male,Own,Married,Far,74400,0,High,6,1.61,0.42
690,Old,Female,Own,Single,Far,40600,2,Medium,6,-0.33,1
486,Young,Female,Rent,Married,Close,54200,1,Medium,6,-0.28,0.53
2290,Middle,Male,Own,Single,Far,65400,1,High,12,0.48,0.4
934,Middle,Male,Rent,Single,Close,49100,0,None,6,-0.61,0.79
517,Young,Female,Rent,Single,Close,10600,2,None,24,-1.89,0.48
2216,Young,Female,Rent,Married,Close,76400,0,None,12,2.05,0.33
1521,Middle,Female,Rent,Married,Close,93700,1,High,24,0.06,0.03
1523,Middle,Male,Rent,Single,Far,49000,0,High,18,0.97,0.66
1364,Middle,Female,Own,Married,Close,96500,1,High,18,1.82,0.92
952,Middle,Male,Own,Single,Close,55600,0,None,12,-1.26,0.46
871,Middle,Male,Own,Married,Close,99600,1,High,6,0.07,0.27
295,Middle,Female,Own,Married,Close,79900,3,Low,12,-0.54,0.14
642,Old,Female,Rent,Married,Close,50500,0,Medium,12,2.13,0.2
317,Old,Female,Own,Single,Far,16300,0,Low,6,0.83,0.68
1078,Old,Female,Own,Married,Close,49200,0,Medium,12,0.8,0.89
961,Middle,Male,Own,Single,Far,48100,2,Medium,18,0.62,0.54
1241,Middle,Male,Own,Single,Far,61300,2,High,24,-0.91,0.22
1999,Middle,Female,Own,Married,Close,72600,1,None,18,1.6,0.65
571,Young,Male,Rent,Single,Far,19500,0,None,24,1.24,0.79
329,Young,Female,Rent,Single,Close,17200,1,None,12,-0.89,0.11
1984,Middle,Male,Rent,Single,Far,51100,0,High,24,1.16,0.06
1061,Middle,Male,Own,Single,Close,76800,1,Medium,18,1.25,0.07
1955,Middle,Male,Own,Single,Far,60200,0,High,12,0.87,0.56
580,Middle,Male,Rent,Single,Close,59100,2,Low,18,-1.64,0.68
883,Old,Female,Own,Single,Close,32500,0,Medium,24,-0.01,0.78
1195,Middle,Female,Rent,Single,Far,49500,2,Medium,12,-0.16,0.52
2318,Middle,Male,Own,Married,Close,109600,1,High,12,-0.13,0.22
640,Young,Female,Rent,Married,Close,47300,0,None,6,-1.2,0.5
2644,Middle,Male,Rent,Married,Close,93000,1,High,24,0.07,0.05
1320,Young,Female,Own,Single,Far,32000,1,None,24,1.23,0.65
502,Young,Female,Own,Single,Close,44700,1,Medium,6,-0.94,0.34
2419,Old,Female,Own,Married,Close,69400,0,High,18,0.31,0.65
661,Middle,Male,Own,Married,Close,64300,2,Medium,6,0.9,0.14
2723,Middle,Male,Own,Single,Far,75400,0,High,24,-2.05,0.57
1588,Middle,Male,Own,Married,Close,96100,0,High,6,-0.24,0.31
581,Old,Female,Own,Married,Close,118000,3,Low,12,0.37,0.96
1432,Young,Male,Rent,Married,Close,69700,1,Medium,12,0.51,0.98
929,Old,Male,Own,Single,Close,59300,0,Medium,12,0.64,0.1
212,Middle,Female,Rent,Married,Close,88600,3,Low,6,0.48,0.59
2546,Middle,Male,Own,Married,Close,102600,0,High,18,0.62,0.07
1344,Middle,Male,Rent,Single,Close,43700,0,None,18,-0.64,0.79
947,Old,Female,Own,Married,Close,22400,0,None,24,0.12,0.31
2145,Middle,Male,Rent,Married,Far,70500,1,None,24,-2.09,0.79
757,Middle,Male,Own,Married,Close,54200,1,Medium,6,-0.28,0.41
451,Middle,Female,Own,Single,Far,25300,1,None,6,-1.57,0.46
2975,Old,Male,Own,Married,Close,116100,1,High,24,-1.58,0.38
406,Young,Female,Rent,Single,Close,15900,0,None,18,-0.24,0.27
158,Middle,Female,Own,Single,Close,46600,3,Low,6,1.66,0.63
534,Young,Male,Own,Single,Close,23200,0,None,24,-0.47,0.38
401,Young,Male,Rent,Single,Close,18200,0,Low,12,-0.45,0.59
1753,Middle,Female,Own,Married,Close,82700,1,High,18,-0.42,0.77
659,Young,Female,Rent,Single,Close,17000,0,Low,18,0.46,0.84
726,Middle,Male,Own,Married,Close,83000,2,Medium,6,-1.02,0.88
1166,Young,Female,Own,Married,Close,42400,1,None,18,0.62,0.95
1197,Old,Male,Own,Single,Close,40200,2,None,18,-0.05,0.22
411,Young,Female,Rent,Single,Far,17300,0,Low,6,-0.49,0.82
2258,Middle,Female,Own,Married,Close,109800,1,High,24,-0.16,0.88
1913,Middle,Female,Own,Single,Far,64400,3,Medium,24,1.97,0.54
893,Young,Female,Rent,Single,Far,27600,1,Medium,24,1.48,0.17
421,Young,Female,Rent,Single,Close,25100,1,None,6,-0.94,0.69
1138,Middle,Female,Own,Single,Close,46300,3,None,6,2.05,0.59
1804,Old,Female,Own,Married,Far,74900,0,None,12,-1.31,0.74
1418,Middle,Male,Own,Single,Close,67900,0,High,18,-0.04,0.75
1104,Middle,Male,Rent,Married,Close,88500,2,Medium,24,-1.73,0.61
2796,Middle,Male,Own,Married,Close,99200,3,None,12,1.24,0.17
1403,Old,Female,Own,Married,Close,62800,0,High,18,0.16,0.08
3230,Old,Male,Own,Married,Far,76900,2,High,24,0.17,0.08
1352,Middle,Male,Own,Married,Close,84100,3,None,6,0.22,0.86
2004,Old,Female,Own,Married,Close,77600,0,High,18,-1.07,0.03
403,Young,Female,Rent,Single,Close,19100,1,Low,18,-0.75,0.11
3995,Old,Female,Own,Married,Far,128700,0,High,24,0.24,0.37
390,Young,Female,Rent,Single,Far,14400,1,Low,6,-1.55,0.37
770,Old,Male,Rent,Married,Close,49600,0,Medium,6,0.15,0.92
963,Middle,Female,Rent,Single,Close,47000,0,None,6,1.05,0.83
833,Young,Female,Rent,Married,Close,36600,0,Medium,6,-1.29,0.85
869,Middle,Female,Own,Single,Close,65800,1,Medium,12,0.71,0.91
926,Middle,Male,Rent,Married,Far,52800,2,Medium,12,-0.28,0.12
3780,Middle,Male,Own,Married,Close,96500,0,High,24,1.97,0.59
1023,Middle,Female,Rent,Married,Close,63500,1,Medium,18,1.69,0.9
791,Middle,Male,Rent,Single,Close,60400,1,Medium,6,-0.56,0.19
1473,Middle,Male,Own,Married,Close,102700,3,None,12,1.48,0.49
1597,Middle,Male,Own,Married,Close,100100,2,None,6,1.57,0.78
1150,Middle,Male,Rent,Single,Close,54400,0,Medium,6,-1.2,0.47
304,Middle,Male,Rent,Married,Close,105600,3,Low,6,2.01,0.32
1693,Old,Female,Own,Married,Far,57900,0,High,12,1.27,0.31
269,Young,Male,Own,Single,Close,31500,3,Low,18,-0.19,0.02
1430,Middle,Female,Rent,Married,Far,60100,1,High,18,1.88,0.09
2729,Middle,Male,Rent,Married,Close,87400,2,None,18,0.7,0.89
1760,Middle,Male,Own,Married,Close,117900,0,High,6,1.48,0.58
1271,Middle,Male,Own,Single,Close,48800,1,Medium,24,1.83,0.76
356,Middle,Female,Own,Married,Close,67900,3,Low,12,-0.13,0.26
1024,Old,Male,Rent,Married,Far,66200,0,None,6,-0.54,0.73
524,Middle,Male,Rent,Married,Close,88000,2,Medium,6,0.66,0.57
1211,Middle,Male,Rent,Married,Close,94200,1,High,18,-0.97,0.42
636,Young,Female,Rent,Single,Close,29200,3,None,6,-0.07,0.89
645,Young,Male,Rent,Single,Far,15300,0,Low,24,1.18,0.74
472,Young,Male,Rent,Single,Far,17500,0,Low,18,0.15,0.13
1512,Old,Male,Own,Married,Close,168800,0,High,6,-0.24,0.2
1634,Middle,Male,Rent,Single,Far,40200,0,High,18,0.35,0.81
182,Young,Male,Rent,Single,Close,28400,3,Low,18,0.92,0.68
1042,Middle,Male,Rent,Married,Far,72200,3,Medium,18,1.58,0.64
1714,Middle,Female,Own,Single,Far,55200,0,High,18,0.34,0.04
966,Middle,Female,Rent,Single,Close,44600,0,Medium,18,1.09,0.21
829,Middle,Male,Own,Single,Close,58400,0,Medium,12,1.27,0.68
680,Middle,Female,Own,Single,Close,67800,1,Medium,6,-1.3,0.27
636,Old,Female,Own,Single,Close,25500,0,Low,18,0.06,0.68
182,Young,Female,Rent,Single,Far,20000,3,Low,6,-2.71,0.37
1773,Middle,Male,Rent,Single,Far,52600,1,None,18,-0.21,0.21
2902,Middle,Male,Rent,Married,Far,97600,1,None,12,-0.5,0.43
348,Old,Male,Own,Married,Close,23400,0,Low,6,-0.11,0.63
548,Middle,Female,Own,Married,Close,102500,3,Low,12,-1.58,0.98
2034,Middle,Female,Own,Married,Far,52300,1,High,18,0.72,0.18
2296,Middle,Male,Rent,Single,Far,65400,0,High,12,-1.95,0.15
395,Young,Male,Rent,Single,Close,19600,0,Low,12,0.12,0.84
850,Old,Male,Own,Married,Far,37000,0,Medium,12,-0.03,0.34
512,Young,Female,Rent,Single,Far,13200,0,None,18,0.82,0.72
1622,Middle,Male,Rent,Single,Close,63800,1,Medium,24,0.27,0.39
865,Old,Female,Rent,Single,Far,22600,0,None,12,-0.46,0.05
673,Old,Female,Own,Single,Close,37300,0,Medium,6,0.75,0.85
422,Young,Male,Rent,Single,Far,14900,1,None,12,-1.07,0.89
529,Middle,Female,Own,Single,Close,36700,1,None,6,0.36,0.8
1932,Middle,Male,Own,Single,Close,63200,0,High,24,1.31,0.13
1853,Old,Male,Own,Married,Close,77300,0,High,18,-1.11,0.87
1224,Middle,Male,Rent,Single,Close,43100,1,None,12,-1.41,0.24
666,Middle,Female,Rent,Single,Far,44800,1,Medium,6,-0.91,0.03
1685,Old,Female,Rent,Married,Close,70900,0,High,24,0.67,0.37
1476,Middle,Female,Rent,Single,Far,38200,0,Medium,24,-0.92,0.03
319,Young,Female,Rent,Single,Far,18400,1,Low,6,-0.87,0.13
232,Middle,Female,Rent,Single,Close,40700,3,Low,18,-1,0.24
1543,Old,Male,Own,Single,Close,71300,0,High,18,0.14,0.38
506,Middle,Female,Rent,Single,Close,36400,2,Low,18,1.49,0.47
172,Young,Male,Rent,Single,Close,15400,0,Low,6,-1.79,0.43
1001,Middle,Male,Own,Single,Far,39100,1,Medium,12,0.91,0.6
606,Middle,Male,Rent,Single,Close,43800,0,Medium,12,-1.5,0.35
591,Young,Male,Rent,Single,Far,25300,0,Medium,12,-0.22,0.39
1389,Old,Male,Rent,Married,Close,71800,0,High,12,0.48,0.49
2177,Middle,Male,Own,Single,Close,73200,0,High,24,1.84,0.86
2279,Middle,Male,Own,Married,Far,79000,1,High,18,-0,0.38
2702,Middle,Female,Rent,Married,Close,75200,1,None,24,0.91,0.71
510,Young,Female,Rent,Single,Close,25300,3,None,6,-1.05,0.68
1047,Old,Female,Own,Married,Close,43600,0,Medium,12,-0.83,0.5
538,Middle,Male,Own,Married,Close,83600,2,Medium,6,-1.33,0.99
1546,Middle,Female,Own,Single,Far,56200,0,High,18,0.5,0.07
754,Young,Male,Rent,Married,Close,45500,0,Medium,6,1.86,0.01
1504,Middle,Male,Own,Married,Close,99300,1,High,12,-1.06,0.98
1849,Middle,Male,Own,Married,Far,108000,3,High,24,0.54,0.84
3072,Middle,Female,Own,Married,Far,84900,1,High,24,-0.83,0.36
1046,Middle,Male,Own,Married,Far,93000,3,High,6,0.22,0.08
1800,Middle,Female,Own,Married,Close,82000,0,High,18,-0.39,0.81
700,Old,Female,Own,Single,Close,33000,3,None,6,-0.37,0.84
514,Middle,Female,Own,Single,Close,36900,2,Low,24,0.79,0
320,Middle,Female,Rent,Single,Close,33200,1,None,6,-1.31,0.78
1692,Young,Male,Rent,Married,Close,49300,0,None,24,-0.76,0.91
2057,Old,Male,Rent,Married,Far,66200,0,High,24,0.09,0.91
2299,Middle,Male,Own,Married,Far,96800,2,High,18,-0.11,0.48
1507,Old,Male,Own,Single,Close,63200,0,High,24,-0.24,0.77
6217,Old,Male,Own,Married,Far,112900,0,High,24,0.03,0.29
405,Middle,Female,Rent,Single,Close,32100,2,Low,24,-0.45,0.98
3785,Middle,Male,Own,Married,Far,102700,1,High,18,-0.56,0.96
3537,Middle,Male,Own,Married,Close,123800,2,None,18,-1.14,0.13
540,Old,Female,Rent,Single,Far,11700,0,Low,18,1.85,0.06
941,Middle,Male,Own,Married,Close,101700,1,None,6,0.11,0.61
5503,Middle,Female,Own,Married,Far,99200,0,High,24,-1.51,0.91
273,Young,Male,Rent,Single,Close,17600,0,None,6,-0.44,0.84
384,Young,Female,Rent,Single,Close,19400,1,None,18,-0.85,0.65
1073,Middle,Male,Rent,Single,Far,40500,1,None,18,0.11,0.2
1417,Old,Male,Own,Single,Close,44800,0,Medium,24,-0.5,0.64
671,Middle,Male,Own,Married,Close,79000,2,Medium,18,0.81,0.33
973,Young,Male,Rent,Married,Close,53600,1,Medium,24,1.27,0.32
